word,count
system,806
design,733
work,731
application,625
strong,570
technology,547
engineering,536
data,462
product,461
project,422
support,418
solution,417
year,366
develop,362
code,360
testing,351
ensure,347
management,344
engineer,343
requirement,337
including,330
service,329
platform,328
skill,324
working,323
knowledge,314
computer,298
using,296
environment,289
development,283
performance,278
build,274
related,267
architecture,265
understanding,256
best,254
security,251
maintain,243
degree,243
science,241
across,238
test,236
tool,234
opportunity,234
communication,233
user,228
backend,228
integration,226
collaborate,220
systems,218
cloud,213
agile,212
quality,205
information,202
lead,201
building,201
new,200
programming,200
apis,196
java,196
responsibility,190
process,190
framework,187
scalable,186
customer,185
automation,185
web,185
practice,182
key,174
closely,173
implement,173
singapore,173
provide,172
deployment,172
database,172
infrastructure,171
familiarity,171
solutions,170
field,170
candidate,170
sap,170
requirements,169
handson,164
good,164
practices,163
client,161
help,160
stakeholder,160
python,160
complex,160
skills,159
developer,158
deliver,157
manage,157
you,153
bachelor,152
cicd,150
documentation,149
drive,148
need,146
developing,146
company,144
delivery,144
industry,139
within,139
lifecycle,138
learning,137
preferred,136
join,136
experience,135
control,134
participate,134
global,133
enterprise,131
issue,130
proficiency,130
use,130
designing,129
problemsolving,129
implementation,128
coding,127
qualification,126
looking,126
one,126
language,123
full,121
minimum,120
leadership,120
services,119
sql,119
meet,116
contribute,116
applications,116
azure,115
devops,115
etc,114
core,113
team,113
modern,113
teams,113
feature,112
enhance,111
innovation,111
continuous,111
world,111
apply,110
net,110
secure,109
professional,109
frontend,109
required,109
collaboration,108
reliability,108
crossfunctional,108
model,108
aws,108
people,107
like,105
methodology,105
javascript,105
responsibilities,103
research,103
career,103
impact,103
improve,103
andor,102
expertise,101
mobile,101
please,100
analysis,100
standard,100
digital,100
responsible,99
partner,99
personal,98
following,98
learn,97
production,96
internal,95
review,95
least,95
high,94
technologies,94
equivalent,94
pipeline,93
relevant,93
life,92
create,91
improvement,90
level,89
microservices,89
based,89
able,88
perform,88
api,88
processes,87
take,86
understand,85
spring,85
member,85
